Metric,Value
Accuracy,0.2
Precision,0.0736111111111111
Recall,0.2
F1-Score,0.09444444444444446
