Metric,Value
Accuracy,0.6333333333333333
Precision,1.0
Recall,0.6333333333333333
F1-Score,0.7755102040816326
Hit@5,0.6333333333333333
